{
  "question":[
    {
      "start":"大鹏新区自然资源资产丰富，辖区陆海面积____平方公里",
      "a":"607",
      "b":"708",
      "c":"810",
      "d":"922",
      "answer":"a"
    },
    {
      "start":"大鹏新区海岸线长达____公里",
      "a":"133",
      "b":"233",
      "c":"310",
      "d":"439",
      "answer":"a"
    },
    {
      "start":"大鹏新区森林面积218.8平方公里，占全市____",
      "a":"二分之一",
      "b":"三分之一",
      "c":"五分之一",
      "d":"四分之一",
      "answer":"d"
    },
    {
      "start":"大鹏新区坝光片区禾雀花每年什么时候盛开？",
      "a":"一、二月",
      "b":"三、四月",
      "c":"五、六月",
      "d":"七、八月",
      "answer":"b"
    },
    {
      "start":"深圳鹿嘴山庄度假村是____电影拍摄地？",
      "a":"美人鱼",
      "b":"丑人鱼",
      "c":"爱情鱼",
      "d":"小丑鱼",
      "answer":"a"
    },
    {
      "start":"创建国家森林城市主题是____？",
      "a":"生态文化体系建设 、创新驱动生态文化体系建设",
      "b":"青山绿水就是金山银山",
      "c":"生态环境体系建设、休闲产业体系建设",
      "d":"创建国家森林城市，打造世界著名花城",
      "answer":"d"
    },
    {
      "start":"1971年第七届世界森林大会决定将每年的几月几日定为世界森林日。",
      "a":"6月21日",
      "b":"5月21日",
      "c":"4月21日",
      "d":"3月21日",
      "answer":"d"
    },
    {
      "start":"在我国多少年以上树龄的树木，树种稀有、名贵或具有历史价值、纪念意义的数木被认定为古树名木。",
      "a":"100年",
      "b":"90年",
      "c":"50年",
      "d":"20年",
      "answer":"a"
    },
    {
      "start":"森林的三大效益是什么？",
      "a":"生态、社会、经济",
      "b":"绿色、环保、光明",
      "c":"生态、绿色、环保",
      "d":"经济、生态、环保",
      "answer":"a"
    },
    {
      "start":"深圳市市花是 ____ ？",
      "a":"梅花",
      "b":"勒杜鹃",
      "c":"玫瑰花",
      "d":"紫罗兰",
      "answer":"b"
    },
    {
      "start":"深圳市市树是 ____ ？",
      "a":"荔枝树、红树",
      "b":"红树、小叶榕",
      "c":"荔枝树、苏铁",
      "d":"黧蒴栲、漆树",
      "answer":"a"
    },
    {
      "start":"创建国家森林城市的宗旨是 ____ 。",
      "a":"加快城市森林建设，努力构建和谐社会",
      "b":"加快现代林业建设，促进城市可持续发展",
      "c":"加快现代林业建设，弘扬城市生态文明",
      "d":"让森林走进城市，让城市拥抱森林",
      "answer":"d"
    },
    {
      "start":"创建国家森林城市要求全民义务植树尽责率达____。",
      "a":"80%以上",
      "b":"85%以上",
      "c":"90%以上",
      "d":"95%以上",
      "answer":"a"
    },
    {
      "start":"国家森林城市由____授牌。",
      "a":"全国绿化委员会",
      "b":"国家林业局",
      "c":"国家环保部",
      "d":"国家住建部",
      "answer":"b"
    },
    {
      "start":"国家森林城市的考核范围是____",
      "a":"中心城区",
      "b":"建成区",
      "c":"城区及郊区",
      "d":"城市行政管辖的全部地域",
      "answer":"d"
    },
    {
      "start":"大鹏新区森林覆盖率为____",
      "a":"66%",
      "b":"76%",
      "c":"86%",
      "d":"90%",
      "answer":"b"
    },
    {
      "start":"大鹏新区范围内主要外来有害生物____。",
      "a":"薇苦菊",
      "b":"爬山虎",
      "c":"薇甘菊",
      "d":"含羞草",
      "answer":"c"
    },
    {
      "start":"南澳森林小镇被省林业局授予“广东省森林小镇”的时间是___。",
      "a":"2017年9月",
      "b":"2017年5月",
      "c":"2016年9月",
      "d":"2018年5月",
      "answer":"a"
    },
    {
      "start":"每年的（ ）为义务植树节。",
      "a":"4月11日",
      "b":"3月1日",
      "c":"2月10日",
      "d":"3月12日",
      "answer":"d"
    },
    {
      "start":"国家森林城市要求公众对森林城市建设的支持率和满意度应达到（）。 ",
      "a":"80%以上",
      "b":"85%以上",
      "c":"90%以上",
      "d":"95%以上",
      "answer":"c"
    },
    {
      "start":"（ ）是地球之肺，（ ）是地球之肾。",
      "a":"森林、湖泊",
      "b":"林木、湖泊",
      "c":"林木、湿地",
      "d":"森林、湿地",
      "answer":"d"
    }
  ]
}
